{
  "sampling": {
    "count": 4,
    "avg": 1.9848346710205078e-05,
    "min": 8.106231689453125e-06,
    "max": 3.3855438232421875e-05,
    "times": [
      2.2172927856445312e-05,
      3.3855438232421875e-05,
      1.52587890625e-05,
      8.106231689453125e-06
    ]
  },
  "decoding": {
    "count": 4,
    "avg": 0.5924751162528992,
    "min": 0.2052288055419922,
    "max": 1.2894883155822754,
    "times": [
      0.2052288055419922,
      1.2894883155822754,
      0.3328220844268799,
      0.5423612594604492
    ]
  },
  "aggregation": {
    "count": 4,
    "avg": 6.67572021484375e-06,
    "min": 1.9073486328125e-06,
    "max": 1.1682510375976562e-05,
    "times": [
      3.814697265625e-06,
      1.1682510375976562e-05,
      9.298324584960938e-06,
      1.9073486328125e-06
    ]
  },
  "inference": {
    "count": 4,
    "avg": 6.181836128234863,
    "min": 4.78536057472229,
    "max": 7.788261890411377,
    "times": [
      5.5776588916778564,
      7.788261890411377,
      4.78536057472229,
      6.57606315612793
    ]
  }
}