{
  "sampling": {
    "count": 5,
    "avg": 8.530616760253907e-05,
    "min": 1.239776611328125e-05,
    "max": 0.00024199485778808594,
    "times": [
      1.2636184692382812e-05,
      0.00024199485778808594,
      8.106231689453125e-05,
      1.239776611328125e-05,
      7.843971252441406e-05
    ]
  },
  "decoding": {
    "count": 5,
    "avg": 0.770784854888916,
    "min": 0.22767972946166992,
    "max": 1.4619140625,
    "times": [
      0.22767972946166992,
      1.4619140625,
      0.387362003326416,
      1.0161545276641846,
      0.7608139514923096
    ]
  },
  "aggregation": {
    "count": 5,
    "avg": 1.3780593872070312e-05,
    "min": 3.5762786865234375e-06,
    "max": 3.123283386230469e-05,
    "times": [
      3.5762786865234375e-06,
      3.123283386230469e-05,
      5.245208740234375e-06,
      6.4373016357421875e-06,
      2.2411346435546875e-05
    ]
  },
  "inference": {
    "count": 5,
    "avg": 16.89013514518738,
    "min": 7.261451005935669,
    "max": 29.209744691848755,
    "times": [
      7.261451005935669,
      21.180710315704346,
      11.149739980697632,
      29.209744691848755,
      15.649029731750488
    ]
  }
}