{
  "sampling": {
    "count": 4,
    "avg": 4.5180320739746094e-05,
    "min": 1.2159347534179688e-05,
    "max": 0.00010371208190917969,
    "times": [
      1.2159347534179688e-05,
      0.00010371208190917969,
      1.9550323486328125e-05,
      4.5299530029296875e-05
    ]
  },
  "decoding": {
    "count": 4,
    "avg": 0.6681876182556152,
    "min": 0.22280383110046387,
    "max": 1.3823699951171875,
    "times": [
      0.22280383110046387,
      1.3823699951171875,
      0.34582972526550293,
      0.7217469215393066
    ]
  },
  "aggregation": {
    "count": 4,
    "avg": 9.834766387939453e-06,
    "min": 3.337860107421875e-06,
    "max": 1.8835067749023438e-05,
    "times": [
      3.337860107421875e-06,
      1.8835067749023438e-05,
      7.152557373046875e-06,
      1.0013580322265625e-05
    ]
  },
  "inference": {
    "count": 4,
    "avg": 8.477848827838898,
    "min": 6.392671585083008,
    "max": 11.563369274139404,
    "times": [
      6.392671585083008,
      11.563369274139404,
      6.828793287277222,
      9.126561164855957
    ]
  }
}