{
  "sampling": {
    "count": 4,
    "avg": 7.575750350952148e-05,
    "min": 2.1457672119140625e-05,
    "max": 0.00011539459228515625,
    "times": [
      2.1457672119140625e-05,
      0.00011539459228515625,
      8.96453857421875e-05,
      7.653236389160156e-05
    ]
  },
  "decoding": {
    "count": 4,
    "avg": 0.6901308298110962,
    "min": 0.2508406639099121,
    "max": 1.3580348491668701,
    "times": [
      0.2508406639099121,
      1.3580348491668701,
      0.3741934299468994,
      0.7774543762207031
    ]
  },
  "aggregation": {
    "count": 4,
    "avg": 1.8775463104248047e-05,
    "min": 4.291534423828125e-06,
    "max": 4.410743713378906e-05,
    "times": [
      4.291534423828125e-06,
      4.410743713378906e-05,
      8.106231689453125e-06,
      1.8596649169921875e-05
    ]
  },
  "inference": {
    "count": 4,
    "avg": 14.993551850318909,
    "min": 7.034264087677002,
    "max": 23.156982898712158,
    "times": [
      7.034264087677002,
      23.156982898712158,
      10.63348937034607,
      19.149471044540405
    ]
  }
}