{
  "sampling": {
    "count": 5,
    "avg": 7.300376892089843e-05,
    "min": 1.9073486328125e-05,
    "max": 0.00011706352233886719,
    "times": [
      1.9073486328125e-05,
      0.00011706352233886719,
      0.0001068115234375,
      2.4318695068359375e-05,
      9.775161743164062e-05
    ]
  },
  "decoding": {
    "count": 5,
    "avg": 0.7672125816345214,
    "min": 0.21896719932556152,
    "max": 1.4307324886322021,
    "times": [
      0.21896719932556152,
      1.4307324886322021,
      0.40361833572387695,
      1.032654047012329,
      0.7500908374786377
    ]
  },
  "aggregation": {
    "count": 5,
    "avg": 2.25067138671875e-05,
    "min": 3.814697265625e-06,
    "max": 3.0040740966796875e-05,
    "times": [
      3.814697265625e-06,
      2.86102294921875e-05,
      2.288818359375e-05,
      2.7179718017578125e-05,
      3.0040740966796875e-05
    ]
  },
  "inference": {
    "count": 5,
    "avg": 17.012776041030882,
    "min": 7.482613801956177,
    "max": 29.468487977981567,
    "times": [
      7.482613801956177,
      21.184309005737305,
      11.291852951049805,
      29.468487977981567,
      15.636616468429565
    ]
  }
}